jahr,gebiet,kennzahl,anzahl,methode,source
2022,Baden-Württemberg,gesamt,1459,abgelesen,"2007594.pdf, PDF-Seite 8"
2022,Baden-Württemberg,gewalt,36,abgelesen,"2007594.pdf, PDF-Seite 8"
2022,Bayern,gesamt,2541,abgelesen,"2007594.pdf, PDF-Seite 8"
2022,Bayern,gewalt,111,abgelesen,"2007594.pdf, PDF-Seite 8"
2022,Berlin,gesamt,2189,abgelesen,"2007594.pdf, PDF-Seite 8"
2022,Berlin,gewalt,138,abgelesen,"2007594.pdf, PDF-Seite 8"
2022,Brandenburg,gesamt,2046,abgelesen,"2007594.pdf, PDF-Seite 8"
2022,Brandenburg,gewalt,90,abgelesen,"2007594.pdf, PDF-Seite 8"
2022,Bremen,gesamt,284,abgelesen,"2007594.pdf, PDF-Seite 8"
2022,Bremen,gewalt,16,abgelesen,"2007594.pdf, PDF-Seite 8"
2022,Hamburg,gesamt,512,abgelesen,"2007594.pdf, PDF-Seite 8"
2022,Hamburg,gewalt,58,abgelesen,"2007594.pdf, PDF-Seite 8"
2022,Hessen,gesamt,1101,abgelesen,"2007594.pdf, PDF-Seite 8"
2022,Hessen,gewalt,53,abgelesen,"2007594.pdf, PDF-Seite 8"
2022,Mecklenburg-Vorpommern,gesamt,1142,abgelesen,"2007594.pdf, PDF-Seite 8"
2022,Mecklenburg-Vorpommern,gewalt,81,abgelesen,"2007594.pdf, PDF-Seite 8"
2022,Niedersachsen,gesamt,1725,abgelesen,"2007594.pdf, PDF-Seite 8"
2022,Niedersachsen,gewalt,66,abgelesen,"2007594.pdf, PDF-Seite 8"
2022,Nordrhein-Westfalen,gesamt,3453,abgelesen,"2007594.pdf, PDF-Seite 8"
2022,Nordrhein-Westfalen,gewalt,117,abgelesen,"2007594.pdf, PDF-Seite 8"
2022,Rheinland-Pfalz,gesamt,740,abgelesen,"2007594.pdf, PDF-Seite 8"
2022,Rheinland-Pfalz,gewalt,49,abgelesen,"2007594.pdf, PDF-Seite 8"
2022,Saarland,gesamt,296,abgelesen,"2007594.pdf, PDF-Seite 8"
2022,Saarland,gewalt,21,abgelesen,"2007594.pdf, PDF-Seite 8"
2022,Sachsen,gesamt,1904,abgelesen,"2007594.pdf, PDF-Seite 8"
2022,Sachsen,gewalt,84,abgelesen,"2007594.pdf, PDF-Seite 8"
2022,Sachsen-Anhalt,gesamt,1847,abgelesen,"2007594.pdf, PDF-Seite 8"
2022,Sachsen-Anhalt,gewalt,111,abgelesen,"2007594.pdf, PDF-Seite 8"
2022,Schleswig-Holstein,gesamt,699,abgelesen,"2007594.pdf, PDF-Seite 8"
2022,Schleswig-Holstein,gewalt,46,abgelesen,"2007594.pdf, PDF-Seite 8"
2022,Thüringen,gesamt,1555,abgelesen,"2007594.pdf, PDF-Seite 8"
2022,Thüringen,gewalt,93,abgelesen,"2007594.pdf, PDF-Seite 8"
2023,Baden-Württemberg,gesamt,2165,abgelesen,"2101418.pdf, PDF-Seite 2"
2023,Baden-Württemberg,gewalt,52,abgelesen,"2101418.pdf, PDF-Seite 3"
2023,Bayern,gesamt,3055,abgelesen,"2101418.pdf, PDF-Seite 2"
2023,Bayern,gewalt,143,abgelesen,"2101418.pdf, PDF-Seite 3"
2023,Berlin,gesamt,2294,abgelesen,"2101418.pdf, PDF-Seite 2"
2023,Berlin,gewalt,123,abgelesen,"2101418.pdf, PDF-Seite 3"
2023,Brandenburg,gesamt,2475,abgelesen,"2101418.pdf, PDF-Seite 3"
2023,Brandenburg,gewalt,117,abgelesen,"2101418.pdf, PDF-Seite 3"
2023,Bremen,gesamt,314,abgelesen,"2101418.pdf, PDF-Seite 3"
2023,Bremen,gewalt,8,abgelesen,"2101418.pdf, PDF-Seite 3"
2023,Hamburg,gesamt,738,abgelesen,"2101418.pdf, PDF-Seite 3"
2023,Hamburg,gewalt,56,abgelesen,"2101418.pdf, PDF-Seite 3"
2023,Hessen,gesamt,1511,abgelesen,"2101418.pdf, PDF-Seite 3"
2023,Hessen,gewalt,48,abgelesen,"2101418.pdf, PDF-Seite 3"
2023,Mecklenburg-Vorpommern,gesamt,1369,abgelesen,"2101418.pdf, PDF-Seite 3"
2023,Mecklenburg-Vorpommern,gewalt,79,abgelesen,"2101418.pdf, PDF-Seite 4"
2023,Niedersachsen,gesamt,2313,abgelesen,"2101418.pdf, PDF-Seite 3"
2023,Niedersachsen,gewalt,63,abgelesen,"2101418.pdf, PDF-Seite 4"
2023,Nordrhein-Westfalen,gesamt,3549,abgelesen,"2101418.pdf, PDF-Seite 3"
2023,Nordrhein-Westfalen,gewalt,116,abgelesen,"2101418.pdf, PDF-Seite 4"
2023,Rheinland-Pfalz,gesamt,1245,abgelesen,"2101418.pdf, PDF-Seite 3"
2023,Rheinland-Pfalz,gewalt,69,abgelesen,"2101418.pdf, PDF-Seite 4"
2023,Saarland,gesamt,367,abgelesen,"2101418.pdf, PDF-Seite 3"
2023,Saarland,gewalt,24,abgelesen,"2101418.pdf, PDF-Seite 4"
2023,Sachsen,gesamt,2704,abgelesen,"2101418.pdf, PDF-Seite 3"
2023,Sachsen,gewalt,75,abgelesen,"2101418.pdf, PDF-Seite 4"
2023,Sachsen-Anhalt,gesamt,2036,abgelesen,"2101418.pdf, PDF-Seite 3"
2023,Sachsen-Anhalt,gewalt,123,abgelesen,"2101418.pdf, PDF-Seite 4"
2023,Schleswig-Holstein,gesamt,975,abgelesen,"2101418.pdf, PDF-Seite 3"
2023,Schleswig-Holstein,gewalt,81,abgelesen,"2101418.pdf, PDF-Seite 4"
2023,Thüringen,gesamt,1835,abgelesen,"2101418.pdf, PDF-Seite 3"
2023,Thüringen,gewalt,93,abgelesen,"2101418.pdf, PDF-Seite 4"
2024,Baden-Württemberg,gesamt,3666,abgelesen,"2101418.pdf, PDF-Seite 2"
2024,Baden-Württemberg,gewalt,56,abgelesen,"2101418.pdf, PDF-Seite 4"
2024,Bayern,gesamt,3612,abgelesen,"2101418.pdf, PDF-Seite 2"
2024,Bayern,gewalt,170,abgelesen,"2101418.pdf, PDF-Seite 4"
2024,Berlin,gesamt,2782,abgelesen,"2101418.pdf, PDF-Seite 2"
2024,Berlin,gewalt,89,abgelesen,"2101418.pdf, PDF-Seite 4"
2024,Brandenburg,gesamt,3626,abgelesen,"2101418.pdf, PDF-Seite 2"
2024,Brandenburg,gewalt,113,abgelesen,"2101418.pdf, PDF-Seite 4"
2024,Bremen,gesamt,398,abgelesen,"2101418.pdf, PDF-Seite 2"
2024,Bremen,gewalt,18,abgelesen,"2101418.pdf, PDF-Seite 4"
2024,Hamburg,gesamt,1350,abgelesen,"2101418.pdf, PDF-Seite 2"
2024,Hamburg,gewalt,116,abgelesen,"2101418.pdf, PDF-Seite 4"
2024,Hessen,gesamt,2376,abgelesen,"2101418.pdf, PDF-Seite 2"
2024,Hessen,gewalt,70,abgelesen,"2101418.pdf, PDF-Seite 4"
2024,Mecklenburg-Vorpommern,gesamt,2184,abgelesen,"2101418.pdf, PDF-Seite 2"
2024,Mecklenburg-Vorpommern,gewalt,113,abgelesen,"2101418.pdf, PDF-Seite 4"
2024,Niedersachsen,gesamt,3643,abgelesen,"2101418.pdf, PDF-Seite 2"
2024,Niedersachsen,gewalt,88,abgelesen,"2101418.pdf, PDF-Seite 4"
2024,Nordrhein-Westfalen,gesamt,5641,abgelesen,"2101418.pdf, PDF-Seite 2"
2024,Nordrhein-Westfalen,gewalt,154,abgelesen,"2101418.pdf, PDF-Seite 4"
2024,Rheinland-Pfalz,gesamt,1471,abgelesen,"2101418.pdf, PDF-Seite 2"
2024,Rheinland-Pfalz,gewalt,53,abgelesen,"2101418.pdf, PDF-Seite 4"
2024,Saarland,gesamt,548,abgelesen,"2101418.pdf, PDF-Seite 2"
2024,Saarland,gewalt,20,abgelesen,"2101418.pdf, PDF-Seite 4"
2024,Sachsen,gesamt,4216,abgelesen,"2101418.pdf, PDF-Seite 2"
2024,Sachsen,gewalt,124,abgelesen,"2101418.pdf, PDF-Seite 4"
2024,Sachsen-Anhalt,gesamt,2920,abgelesen,"2101418.pdf, PDF-Seite 2"
2024,Sachsen-Anhalt,gewalt,106,abgelesen,"2101418.pdf, PDF-Seite 4"
2024,Schleswig-Holstein,gesamt,1516,abgelesen,"2101418.pdf, PDF-Seite 2"
2024,Schleswig-Holstein,gewalt,65,abgelesen,"2101418.pdf, PDF-Seite 4"
2024,Thüringen,gesamt,2839,abgelesen,"2101418.pdf, PDF-Seite 2"
2024,Thüringen,gewalt,133,abgelesen,"2101418.pdf, PDF-Seite 4"
2025,Baden-Württemberg,gesamt,3101,abgelesen,"2105639.pdf, PDF-Seite 2"
2025,Baden-Württemberg,gewalt,104,gezaehlt,"2105639.pdf, PDF-Seiten 5-60 (Anlage)"
2025,Bayern,gesamt,3724,abgelesen,"2105639.pdf, PDF-Seite 2"
2025,Bayern,gewalt,144,gezaehlt,"2105639.pdf, PDF-Seiten 5-60 (Anlage)"
2025,Berlin,gesamt,3021,abgelesen,"2105639.pdf, PDF-Seite 2"
2025,Berlin,gewalt,133,gezaehlt,"2105639.pdf, PDF-Seiten 5-60 (Anlage)"
2025,Brandenburg,gesamt,3557,abgelesen,"2105639.pdf, PDF-Seite 2"
2025,Brandenburg,gewalt,145,gezaehlt,"2105639.pdf, PDF-Seiten 5-60 (Anlage)"
2025,Bremen,gesamt,557,abgelesen,"2105639.pdf, PDF-Seite 2"
2025,Bremen,gewalt,12,gezaehlt,"2105639.pdf, PDF-Seiten 5-60 (Anlage)"
2025,Hamburg,gesamt,1517,abgelesen,"2105639.pdf, PDF-Seite 2"
2025,Hamburg,gewalt,120,gezaehlt,"2105639.pdf, PDF-Seiten 5-60 (Anlage)"
2025,Hessen,gesamt,2467,abgelesen,"2105639.pdf, PDF-Seite 2"
2025,Hessen,gewalt,73,gezaehlt,"2105639.pdf, PDF-Seiten 5-60 (Anlage)"
2025,Mecklenburg-Vorpommern,gesamt,2282,abgelesen,"2105639.pdf, PDF-Seite 2"
2025,Mecklenburg-Vorpommern,gewalt,103,gezaehlt,"2105639.pdf, PDF-Seiten 5-60 (Anlage)"
2025,Niedersachsen,gesamt,3758,abgelesen,"2105639.pdf, PDF-Seite 2"
2025,Niedersachsen,gewalt,110,gezaehlt,"2105639.pdf, PDF-Seiten 5-60 (Anlage)"
2025,Nordrhein-Westfalen,gesamt,6268,abgelesen,"2105639.pdf, PDF-Seite 2"
2025,Nordrhein-Westfalen,gewalt,190,gezaehlt,"2105639.pdf, PDF-Seiten 5-60 (Anlage)"
2025,Rheinland-Pfalz,gesamt,1444,abgelesen,"2105639.pdf, PDF-Seite 2"
2025,Rheinland-Pfalz,gewalt,72,gezaehlt,"2105639.pdf, PDF-Seiten 5-60 (Anlage)"
2025,Saarland,gesamt,583,abgelesen,"2105639.pdf, PDF-Seite 2"
2025,Saarland,gewalt,33,gezaehlt,"2105639.pdf, PDF-Seiten 5-60 (Anlage)"
2025,Sachsen,gesamt,3406,abgelesen,"2105639.pdf, PDF-Seite 2"
2025,Sachsen,gewalt,84,gezaehlt,"2105639.pdf, PDF-Seiten 5-60 (Anlage)"
2025,Sachsen-Anhalt,gesamt,3007,abgelesen,"2105639.pdf, PDF-Seite 2"
2025,Sachsen-Anhalt,gewalt,90,gezaehlt,"2105639.pdf, PDF-Seiten 5-60 (Anlage)"
2025,Schleswig-Holstein,gesamt,1438,abgelesen,"2105639.pdf, PDF-Seite 2"
2025,Schleswig-Holstein,gewalt,58,gezaehlt,"2105639.pdf, PDF-Seiten 5-60 (Anlage)"
2025,Thüringen,gesamt,2414,abgelesen,"2105639.pdf, PDF-Seite 2"
2025,Thüringen,gewalt,127,gezaehlt,"2105639.pdf, PDF-Seiten 5-60 (Anlage)"
