year,offence,cases,source
2014,total,17020,"1805758.pdf, PDF-Seite 4"
2014,violent,1029,"1805758.pdf, PDF-Seite 4"
2014,propaganda,11071,"1805758.pdf, PDF-Seite 8"
2014,incitement_to_hatred,1951,"1805758.pdf, PDF-Seite 9"
2014,property_damage,936,"1805758.pdf, PDF-Seite 5"
2014,coercion_threat,224,"1805758.pdf, PDF-Seite 5"
2015,total,22960,"2021PMKFallzahlen.pdf, PDF-Seite 4"
2015,violent,1485,"2021PMKFallzahlen.pdf, PDF-Seite 7"
2016,total,23555,"2021PMKFallzahlen.pdf, PDF-Seite 4"
2016,violent,1698,"2021PMKFallzahlen.pdf, PDF-Seite 7"
2017,total,20520,"pmk-2018-deliktsbereiche.pdf, PDF-Seite 1"
2017,violent,1130,"pmk-2018-deliktsbereiche.pdf, PDF-Seite 1"
2017,propaganda,12032,"pmk-2018-deliktsbereiche.pdf, PDF-Seite 1"
2017,incitement_to_hatred,3116,"pmk-2018-deliktsbereiche.pdf, PDF-Seite 1"
2017,property_damage,1604,"pmk-2018-deliktsbereiche.pdf, PDF-Seite 1"
2017,coercion_threat,376,"pmk-2018-deliktsbereiche.pdf, PDF-Seite 1"
2018,total,20431,"pmk-2018-deliktsbereiche.pdf, PDF-Seite 1"
2018,violent,1156,"pmk-2018-deliktsbereiche.pdf, PDF-Seite 1"
2018,propaganda,12582,"pmk-2018-deliktsbereiche.pdf, PDF-Seite 1"
2018,incitement_to_hatred,2794,"pmk-2018-deliktsbereiche.pdf, PDF-Seite 1"
2018,property_damage,1070,"pmk-2018-deliktsbereiche.pdf, PDF-Seite 1"
2018,coercion_threat,404,"pmk-2018-deliktsbereiche.pdf, PDF-Seite 1"
2019,total,22342,"pmk-2019-deliktsbereiche.pdf, PDF-Seite 1"
2019,violent,986,"pmk-2019-deliktsbereiche.pdf, PDF-Seite 1"
2019,propaganda,14247,"pmk-2019-deliktsbereiche.pdf, PDF-Seite 1"
2019,incitement_to_hatred,3062,"pmk-2019-deliktsbereiche.pdf, PDF-Seite 1"
2019,property_damage,1099,"pmk-2019-deliktsbereiche.pdf, PDF-Seite 1"
2019,coercion_threat,429,"pmk-2019-deliktsbereiche.pdf, PDF-Seite 1"
2019,insult,1770,"2020PMKFallzahlen.pdf, PDF-Seite 4"
2020,total,23604,"2020PMKFallzahlen.pdf, PDF-Seite 2"
2020,violent,1092,"2020PMKFallzahlen.pdf, PDF-Seite 5"
2020,propaganda,13659,"2020PMKFallzahlen.pdf, PDF-Seite 3"
2020,incitement_to_hatred,3877,"2020PMKFallzahlen.pdf, PDF-Seite 4"
2020,property_damage,1029,"2021PMKFallzahlen.pdf, PDF-Seite 5"
2020,insult,2589,"2020PMKFallzahlen.pdf, PDF-Seite 4"
2021,total,21964,"2021PMKFallzahlen.pdf, PDF-Seite 4"
2021,violent,1042,"2021PMKFallzahlen.pdf, PDF-Seite 7"
2021,propaganda,12255,"2021PMKFallzahlen.pdf, PDF-Seite 5"
2021,incitement_to_hatred,3812,"2021PMKFallzahlen.pdf, PDF-Seite 6"
2021,property_damage,1176,"2021PMKFallzahlen.pdf, PDF-Seite 5"
2021,insult,2350,"2021PMKFallzahlen.pdf, PDF-Seite 6"
2022,total,23493,"pmk2022-factsheets.pdf, PDF-Seite 4"
2022,violent,1170,"pmk2022-factsheets.pdf, PDF-Seite 7"
2022,propaganda,14132,"pmk2022-factsheets.pdf, PDF-Seite 5"
2022,incitement_to_hatred,3482,"pmk2022-factsheets.pdf, PDF-Seite 6"
2022,property_damage,743,"pmk2022-factsheets.pdf, PDF-Seite 6"
2022,insult,2427,"pmk2022-factsheets.pdf, PDF-Seite 6"
2022,coercion_threat,505,"pmk2023-factsheets.pdf, PDF-Seite 7"
2023,total,28945,"pmk2023-factsheets.pdf, PDF-Seite 4"
2023,violent,1270,"pmk2023-factsheets.pdf, PDF-Seite 8"
2023,propaganda,16698,"pmk2023-factsheets.pdf, PDF-Seite 5"
2023,incitement_to_hatred,5367,"pmk2023-factsheets.pdf, PDF-Seite 6"
2023,property_damage,984,"pmk2023-factsheets.pdf, PDF-Seite 5"
2023,insult,2770,"pmk2023-factsheets.pdf, PDF-Seite 6"
2023,coercion_threat,598,"pmk2023-factsheets.pdf, PDF-Seite 7"
2024,total,42788,"2024PMKFallzahlen.pdf, PDF-Seite 4"
2024,violent,1488,"2024PMKFallzahlen.pdf, PDF-Seite 8"
2024,propaganda,26318,"2024PMKFallzahlen.pdf, PDF-Seite 5"
2024,incitement_to_hatred,6639,"2024PMKFallzahlen.pdf, PDF-Seite 6"
2024,property_damage,2351,"2024PMKFallzahlen.pdf, PDF-Seite 5"
2024,insult,3578,"2024PMKFallzahlen.pdf, PDF-Seite 6"
2024,coercion_threat,830,"2024PMKFallzahlen.pdf, PDF-Seite 7"
2025,total,42544,"2025PMKFallzahlen.pdf, PDF-Seite 4"
2025,violent,1598,"2025PMKFallzahlen.pdf, PDF-Seite 9"
2025,propaganda,25098,"2025PMKFallzahlen.pdf, PDF-Seite 6"
2025,incitement_to_hatred,5547,"2025PMKFallzahlen.pdf, PDF-Seite 7"
2025,property_damage,2871,"2025PMKFallzahlen.pdf, PDF-Seite 6"
2025,insult,4297,"2025PMKFallzahlen.pdf, PDF-Seite 6"
2025,coercion_threat,894,"2025PMKFallzahlen.pdf, PDF-Seite 7"
