year,state,total,violent,population,total_per_100k,violent_per_100k
2022,Baden-Württemberg,1459,36,11167721,13.1,0.32
2022,Bavaria,2541,111,13105221,19.4,0.85
2022,Berlin,2189,138,3632853,60.3,3.8
2022,Brandenburg,2046,90,2545159,80.4,3.54
2022,Bremen,284,16,695758,40.8,2.3
2022,Hamburg,512,58,1832675,27.9,3.16
2022,Hesse,1101,53,6236933,17.7,0.85
2022,Mecklenburg-Western Pomerania,1142,81,1576049,72.5,5.14
2022,Lower Saxony,1725,66,7982947,21.6,0.83
2022,North Rhine-Westphalia,3453,117,17964420,19.2,0.65
2022,Rhineland-Palatinate,740,49,4108555,18.0,1.19
2022,Saarland,296,21,1011891,29.3,2.08
2022,Saxony,1904,84,4049967,47.0,2.07
2022,Saxony-Anhalt,1847,111,2150239,85.9,5.16
2022,Schleswig-Holstein,699,46,2939283,23.8,1.57
2022,Thuringia,1555,93,2118830,73.4,4.39
2023,Baden-Württemberg,2165,52,11230740,19.3,0.46
2023,Bavaria,3055,143,13176426,23.2,1.09
2023,Berlin,2294,123,3662381,62.6,3.36
2023,Brandenburg,2475,117,2554464,96.9,4.58
2023,Bremen,314,8,702655,44.7,1.14
2023,Hamburg,738,56,1851596,39.9,3.02
2023,Hesse,1511,48,6267546,24.1,0.77
2023,Mecklenburg-Western Pomerania,1369,79,1578041,86.8,5.01
2023,Lower Saxony,2313,63,8008135,28.9,0.79
2023,North Rhine-Westphalia,3549,116,18017520,19.7,0.64
2023,Rhineland-Palatinate,1245,69,4125163,30.2,1.67
2023,Saarland,367,24,1014047,36.2,2.37
2023,Saxony,2704,75,4054689,66.7,1.85
2023,Saxony-Anhalt,2036,123,2144570,94.9,5.74
2023,Schleswig-Holstein,975,81,2953202,33.0,2.74
2023,Thuringia,1835,93,2114870,86.8,4.4
2024,Baden-Württemberg,3666,56,11245898,32.6,0.5
2024,Bavaria,3612,170,13248928,27.3,1.28
2024,Berlin,2782,89,3685265,75.5,2.42
2024,Brandenburg,3626,113,2556747,141.8,4.42
2024,Bremen,398,18,704881,56.5,2.55
2024,Hamburg,1350,116,1862565,72.5,6.23
2024,Hesse,2376,70,6280793,37.8,1.11
2024,Mecklenburg-Western Pomerania,2184,113,1573597,138.8,7.18
2024,Lower Saxony,3643,88,8004489,45.5,1.1
2024,North Rhine-Westphalia,5641,154,18034454,31.3,0.85
2024,Rhineland-Palatinate,1471,53,4129569,35.6,1.28
2024,Saarland,548,20,1012141,54.1,1.98
2024,Saxony,4216,124,4042422,104.3,3.07
2024,Saxony-Anhalt,2920,106,2135597,136.7,4.96
2024,Schleswig-Holstein,1516,65,2959517,51.2,2.2
2024,Thuringia,2839,133,2100277,135.2,6.33
2025,Baden-Württemberg,3101,104,11238761,27.6,0.93
2025,Bavaria,3724,144,13245503,28.1,1.09
2025,Berlin,3021,133,3700577,81.6,3.59
2025,Brandenburg,3557,145,2551889,139.4,5.68
2025,Bremen,557,12,706915,78.8,1.7
2025,Hamburg,1517,120,1869473,81.1,6.42
2025,Hesse,2467,73,6278594,39.3,1.16
2025,Mecklenburg-Western Pomerania,2282,103,1573685,145.0,6.55
2025,Lower Saxony,3758,110,8000826,47.0,1.37
2025,North Rhine-Westphalia,6268,190,17986214,34.8,1.06
2025,Rhineland-Palatinate,1444,72,4123022,35.0,1.75
2025,Saarland,583,33,1007342,57.9,3.28
2025,Saxony,3406,84,4026599,84.6,2.09
2025,Saxony-Anhalt,3007,90,2120252,141.8,4.24
2025,Schleswig-Holstein,1438,58,2958519,48.6,1.96
2025,Thuringia,2414,127,2078946,116.1,6.11
