jahr,deliktart,anzahl,source
2014,gesamt,17020,"1805758.pdf, PDF-Seite 4"
2014,gewalt,1029,"1805758.pdf, PDF-Seite 4"
2014,propaganda,11071,"1805758.pdf, PDF-Seite 8"
2014,volksverhetzung,1951,"1805758.pdf, PDF-Seite 9"
2014,sachbeschaedigung,936,"1805758.pdf, PDF-Seite 5"
2014,noetigung_bedrohung,224,"1805758.pdf, PDF-Seite 5"
2015,gesamt,22960,"2021PMKFallzahlen.pdf, PDF-Seite 4"
2015,gewalt,1485,"2021PMKFallzahlen.pdf, PDF-Seite 7"
2016,gesamt,23555,"2021PMKFallzahlen.pdf, PDF-Seite 4"
2016,gewalt,1698,"2021PMKFallzahlen.pdf, PDF-Seite 7"
2017,gesamt,20520,"pmk-2018-deliktsbereiche.pdf, PDF-Seite 1"
2017,gewalt,1130,"pmk-2018-deliktsbereiche.pdf, PDF-Seite 1"
2017,propaganda,12032,"pmk-2018-deliktsbereiche.pdf, PDF-Seite 1"
2017,volksverhetzung,3116,"pmk-2018-deliktsbereiche.pdf, PDF-Seite 1"
2017,sachbeschaedigung,1604,"pmk-2018-deliktsbereiche.pdf, PDF-Seite 1"
2017,noetigung_bedrohung,376,"pmk-2018-deliktsbereiche.pdf, PDF-Seite 1"
2018,gesamt,20431,"pmk-2018-deliktsbereiche.pdf, PDF-Seite 1"
2018,gewalt,1156,"pmk-2018-deliktsbereiche.pdf, PDF-Seite 1"
2018,propaganda,12582,"pmk-2018-deliktsbereiche.pdf, PDF-Seite 1"
2018,volksverhetzung,2794,"pmk-2018-deliktsbereiche.pdf, PDF-Seite 1"
2018,sachbeschaedigung,1070,"pmk-2018-deliktsbereiche.pdf, PDF-Seite 1"
2018,noetigung_bedrohung,404,"pmk-2018-deliktsbereiche.pdf, PDF-Seite 1"
2019,gesamt,22342,"pmk-2019-deliktsbereiche.pdf, PDF-Seite 1"
2019,gewalt,986,"pmk-2019-deliktsbereiche.pdf, PDF-Seite 1"
2019,propaganda,14247,"pmk-2019-deliktsbereiche.pdf, PDF-Seite 1"
2019,volksverhetzung,3062,"pmk-2019-deliktsbereiche.pdf, PDF-Seite 1"
2019,sachbeschaedigung,1099,"pmk-2019-deliktsbereiche.pdf, PDF-Seite 1"
2019,noetigung_bedrohung,429,"pmk-2019-deliktsbereiche.pdf, PDF-Seite 1"
2019,beleidigung,1770,"2020PMKFallzahlen.pdf, PDF-Seite 4"
2020,gesamt,23604,"2020PMKFallzahlen.pdf, PDF-Seite 2"
2020,gewalt,1092,"2020PMKFallzahlen.pdf, PDF-Seite 5"
2020,propaganda,13659,"2020PMKFallzahlen.pdf, PDF-Seite 3"
2020,volksverhetzung,3877,"2020PMKFallzahlen.pdf, PDF-Seite 4"
2020,sachbeschaedigung,1029,"2021PMKFallzahlen.pdf, PDF-Seite 5"
2020,beleidigung,2589,"2020PMKFallzahlen.pdf, PDF-Seite 4"
2021,gesamt,21964,"2021PMKFallzahlen.pdf, PDF-Seite 4"
2021,gewalt,1042,"2021PMKFallzahlen.pdf, PDF-Seite 7"
2021,propaganda,12255,"2021PMKFallzahlen.pdf, PDF-Seite 5"
2021,volksverhetzung,3812,"2021PMKFallzahlen.pdf, PDF-Seite 6"
2021,sachbeschaedigung,1176,"2021PMKFallzahlen.pdf, PDF-Seite 5"
2021,beleidigung,2350,"2021PMKFallzahlen.pdf, PDF-Seite 6"
2022,gesamt,23493,"pmk2022-factsheets.pdf, PDF-Seite 4"
2022,gewalt,1170,"pmk2022-factsheets.pdf, PDF-Seite 7"
2022,propaganda,14132,"pmk2022-factsheets.pdf, PDF-Seite 5"
2022,volksverhetzung,3482,"pmk2022-factsheets.pdf, PDF-Seite 6"
2022,sachbeschaedigung,743,"pmk2022-factsheets.pdf, PDF-Seite 6"
2022,beleidigung,2427,"pmk2022-factsheets.pdf, PDF-Seite 6"
2022,noetigung_bedrohung,505,"pmk2023-factsheets.pdf, PDF-Seite 7"
2023,gesamt,28945,"pmk2023-factsheets.pdf, PDF-Seite 4"
2023,gewalt,1270,"pmk2023-factsheets.pdf, PDF-Seite 8"
2023,propaganda,16698,"pmk2023-factsheets.pdf, PDF-Seite 5"
2023,volksverhetzung,5367,"pmk2023-factsheets.pdf, PDF-Seite 6"
2023,sachbeschaedigung,984,"pmk2023-factsheets.pdf, PDF-Seite 5"
2023,beleidigung,2770,"pmk2023-factsheets.pdf, PDF-Seite 6"
2023,noetigung_bedrohung,598,"pmk2023-factsheets.pdf, PDF-Seite 7"
2024,gesamt,42788,"2024PMKFallzahlen.pdf, PDF-Seite 4"
2024,gewalt,1488,"2024PMKFallzahlen.pdf, PDF-Seite 8"
2024,propaganda,26318,"2024PMKFallzahlen.pdf, PDF-Seite 5"
2024,volksverhetzung,6639,"2024PMKFallzahlen.pdf, PDF-Seite 6"
2024,sachbeschaedigung,2351,"2024PMKFallzahlen.pdf, PDF-Seite 5"
2024,beleidigung,3578,"2024PMKFallzahlen.pdf, PDF-Seite 6"
2024,noetigung_bedrohung,830,"2024PMKFallzahlen.pdf, PDF-Seite 7"
2025,gesamt,42544,"2025PMKFallzahlen.pdf, PDF-Seite 4"
2025,gewalt,1598,"2025PMKFallzahlen.pdf, PDF-Seite 9"
2025,propaganda,25098,"2025PMKFallzahlen.pdf, PDF-Seite 6"
2025,volksverhetzung,5547,"2025PMKFallzahlen.pdf, PDF-Seite 7"
2025,sachbeschaedigung,2871,"2025PMKFallzahlen.pdf, PDF-Seite 6"
2025,beleidigung,4297,"2025PMKFallzahlen.pdf, PDF-Seite 6"
2025,noetigung_bedrohung,894,"2025PMKFallzahlen.pdf, PDF-Seite 7"
