state,year,reference_date,population
Baden-Württemberg,2022,31.12.2022,11167721
Bavaria,2022,31.12.2022,13105221
Berlin,2022,31.12.2022,3632853
Brandenburg,2022,31.12.2022,2545159
Bremen,2022,31.12.2022,695758
Hamburg,2022,31.12.2022,1832675
Hesse,2022,31.12.2022,6236933
Lower Saxony,2022,31.12.2022,7982947
Mecklenburg-Western Pomerania,2022,31.12.2022,1576049
North Rhine-Westphalia,2022,31.12.2022,17964420
Rhineland-Palatinate,2022,31.12.2022,4108555
Saarland,2022,31.12.2022,1011891
Saxony,2022,31.12.2022,4049967
Saxony-Anhalt,2022,31.12.2022,2150239
Schleswig-Holstein,2022,31.12.2022,2939283
Thuringia,2022,31.12.2022,2118830
Baden-Württemberg,2023,31.12.2023,11230740
Bavaria,2023,31.12.2023,13176426
Berlin,2023,31.12.2023,3662381
Brandenburg,2023,31.12.2023,2554464
Bremen,2023,31.12.2023,702655
Hamburg,2023,31.12.2023,1851596
Hesse,2023,31.12.2023,6267546
Lower Saxony,2023,31.12.2023,8008135
Mecklenburg-Western Pomerania,2023,31.12.2023,1578041
North Rhine-Westphalia,2023,31.12.2023,18017520
Rhineland-Palatinate,2023,31.12.2023,4125163
Saarland,2023,31.12.2023,1014047
Saxony,2023,31.12.2023,4054689
Saxony-Anhalt,2023,31.12.2023,2144570
Schleswig-Holstein,2023,31.12.2023,2953202
Thuringia,2023,31.12.2023,2114870
Baden-Württemberg,2024,31.12.2024,11245898
Bavaria,2024,31.12.2024,13248928
Berlin,2024,31.12.2024,3685265
Brandenburg,2024,31.12.2024,2556747
Bremen,2024,31.12.2024,704881
Hamburg,2024,31.12.2024,1862565
Hesse,2024,31.12.2024,6280793
Lower Saxony,2024,31.12.2024,8004489
Mecklenburg-Western Pomerania,2024,31.12.2024,1573597
North Rhine-Westphalia,2024,31.12.2024,18034454
Rhineland-Palatinate,2024,31.12.2024,4129569
Saarland,2024,31.12.2024,1012141
Saxony,2024,31.12.2024,4042422
Saxony-Anhalt,2024,31.12.2024,2135597
Schleswig-Holstein,2024,31.12.2024,2959517
Thuringia,2024,31.12.2024,2100277
Baden-Württemberg,2025,31.12.2025,11238761
Bavaria,2025,31.12.2025,13245503
Berlin,2025,31.12.2025,3700577
Brandenburg,2025,31.12.2025,2551889
Bremen,2025,31.12.2025,706915
Hamburg,2025,31.12.2025,1869473
Hesse,2025,31.12.2025,6278594
Lower Saxony,2025,31.12.2025,8000826
Mecklenburg-Western Pomerania,2025,31.12.2025,1573685
North Rhine-Westphalia,2025,31.12.2025,17986214
Rhineland-Palatinate,2025,31.12.2025,4123022
Saarland,2025,31.12.2025,1007342
Saxony,2025,31.12.2025,4026599
Saxony-Anhalt,2025,31.12.2025,2120252
Schleswig-Holstein,2025,31.12.2025,2958519
Thuringia,2025,31.12.2025,2078946
